{
	"singleton": false,
	"dependencies": [],
	"category": "automation_basic",
	"author": "Z-Wave.Me",
	"homepage": "http://razberry.z-wave.me",
	"icon": "icon.png",
    "moduleName": "IfThen",
	"version": "2.0.5",
	"maturity": "stable",
	"repository": {
		"type": "git",
		"source": "https://github.com/Z-Wave-Me/home-automation"
	},
	"defaults": {
		"title": "__m_title__",
		"description": "__m_descr__",
		"sourceDevice": {},
		"targets": []
	},
	"schema": {
		"type": "object",
		"properties": {
			"sourceDevice": {
				"type": "object",
				"properties": {
					"filterIf": {
						"type":"string",
						"enum": ["scene","switchControl","switchBinary","switchMultilevel","sensorBinary"],
						"required": true
					},
					"switchBinary": {
						"type": "object",
						"dependencies":"filterIf",
						"properties": {
							"device": {
								"field": "enum",
								"datasource": "namespaces",
								"enum": "namespaces:devices_switchBinary:deviceId",
								"required": true
							},
							"status": {
								"type": "integer",
								"enum": ["off", "on"],
								"required": true
							}
						}
					},
					"scene": {
						"type": "object",
						"dependencies":"filterIf",
						"properties": {
							"device": {
								"field": "enum",
								"datasource": "namespaces",
								"enum": "namespaces:devices_toggleButton:deviceId",
								"required": true
							}
						}
					},
					"switchControl": {
						"type": "object",
						"dependencies":"filterIf",
						"properties": {
							"device": {
								"field": "enum",
								"datasource": "namespaces",
								"enum": "namespaces:devices_switchControl:deviceId",
								"required": true
							},
							"status": {
								"type": "integer",
								"enum": ["off", "on"],
								"required": true
							}
						}
					},
					"switchMultilevel": {
						"type": "object",
						"dependencies":"filterIf",
						"properties": {
							"device": {
								"field": "enum",
								"datasource": "namespaces",
								"enum": "namespaces:devices_switchMultilevel:deviceId",
								"required": true
							},
							"status": {
								"type": "integer",
								"enum": ["off", "on"],
								"required": true
							}
						}
					},
					"sensorBinary": {
						"type": "object",
						"dependencies":"filterIf",
						"properties": {
							"device": {
								"field": "enum",
								"datasource": "namespaces",
								"enum": "namespaces:devices_sensorBinary:deviceId",
								"required": true
							},
							"status": {
								"type": "integer",
								"enum": ["off", "on"],
								"required": true
							}
						}
					}
				}
			},
			"targets": {
				"type": "array",
				"items": {
					"type": "object",
					"properties": {
						"filterThen": {
							"type":"string",
							"enum": ["switchBinary","switchMultilevel","doorlock","scene"],
							"required": true
						},
						"switchBinary": {
							"type": "object",
							"dependencies":"filterThen",
							"properties": {
								"target": {
									"type":"string",
									"datasource": "namespaces",
									"enum": "namespaces:devices_switchBinary:deviceId",
									"required": true
								},
								"action": {
									"type":"string",
									"enum": ["status", "delay"],
									"required": true
								},
								"status": {
									"type": "integer",
									"dependencies":"action",
									"enum": ["off", "on"],
									"required": true
								},
								"delay": {
									"type": "integer",
									"dependencies":"action",
									"minimum": 0,
									"maximum": 60,
									"required": true
								}
							}
						},
						"switchMultilevel":{
							"type": "object",
							"dependencies":"filterThen",
							"properties": {
								"target": {
									"type":"string",
									"datasource": "namespaces",
									"enum": "namespaces:devices_switchMultilevel:deviceId",
									"required": true
								},
								"action": {
									"type":"string",
									"enum": ["status", "delay"],
									"required": true
								},
								"status": {
									"type": "integer",
									"minimum": 0,
									"maximum": 99,
									"required": true
								},
								"delay": {
									"type": "integer",
									"dependencies":"action",
									"minimum": 0,
									"maximum": 60,
									"required": true
								}
							}
						},
						"doorlock":{
							"type": "object",
							"dependencies":"filterThen",
							"properties": {
								"target": {
									"type":"string",
									"datasource": "namespaces",
									"enum": "namespaces:devices_doorlock:deviceId",
									"required": true
								},
								"action": {
									"type":"string",
									"enum": ["status", "delay"],
									"required": true
								},
								"status": {
									"type": "integer",
									"enum": ["close", "open"],
									"required": true
								},
								"delay": {
									"type": "integer",
									"dependencies":"action",
									"minimum": 0,
									"maximum": 60,
									"required": true
								}
							}
						},
						"scene":{
							"type": "object",
							"dependencies":"filterThen",
							"properties": {				
								"target":{
									"type":"string",
									"datasource": "namespaces",
									"enum": "namespaces:devices_toggleButton:deviceId",
									"required": true
								},
								"delay": {
									"type": "integer",
									"dependencies":"action",
									"minimum": 0,
									"maximum": 60,
									"required": true
								}
							}
						}
					}
				}
			}
		}
	},
	"options": {
		"fields": {
			"sourceDevice": {
				"label": "__l_event_sources__",
				"fields": {
					"filterIf": {
						"type": "select",
						"removeDefaultNone": false,
						"noneLabel": "__l_choose__",
						"label":"__l_filter__",
						"optionLabels": ["__toggleButton__","__switchControl__","__switchBinary__","__switchMultilevel__","__sensorBinary__"]
					},
					"switchBinary": {
						"dependencies": {
							"filterIf": "switchBinary"
						},
						"fields": {
							"device": {
								"type": "select",
								"removeDefaultNone": false,
								"noneLabel": "__l_choose_dev__",
								"datasource": "namespaces",
								"field": "optionLabels",
								"optionLabels": "namespaces:devices_switchBinary:deviceName"
							},
							"status": {
								"optionLabels": ["__off__", "__on__"]
							}
						}
					},
					"scene": {
						"dependencies": {
							"filterIf": "scene"
						},
						"fields": {
							"device": {
								"type": "select",
								"removeDefaultNone": false,
								"noneLabel": "__l_choose_dev__",
								"datasource": "namespaces",
								"field": "optionLabels",
								"helper": "__h_statusOn__",
								"optionLabels": "namespaces:devices_toggleButton:deviceName"
							}
						}
					},
					"switchControl": {
						"dependencies": {
							"filterIf": "switchControl"
						},
						"fields": {
							"device": {
								"type": "select",
								"removeDefaultNone": false,
								"noneLabel": "__l_choose_dev__",
								"datasource": "namespaces",
								"field": "optionLabels",
								"optionLabels": "namespaces:devices_switchControl:deviceName"
							},
							"status": {
								"optionLabels": ["__off__", "__on__"]
							}
						}
					},
					"switchMultilevel": {
						"dependencies": {
							"filterIf": "switchMultilevel"
						},
						"fields": {
							"device": {
								"type": "select",
								"removeDefaultNone": false,
								"noneLabel": "__l_choose_dev__",
								"datasource": "namespaces",
								"field": "optionLabels",
								"optionLabels": "namespaces:devices_switchMultilevel:deviceName"
							},
							"status": {
								"optionLabels": ["__off__", "__on__"]
							}
						}
					},
					"sensorBinary": {
						"dependencies": {
							"filterIf": "sensorBinary"
						},
						"fields": {
							"device": {
								"type": "select",
								"removeDefaultNone": false,
								"noneLabel": "__l_choose_dev__",
								"datasource": "namespaces",
								"field": "optionLabels",
								"optionLabels": "namespaces:devices_sensorBinary:deviceName"
							},
							"status": {
								"optionLabels": ["__off__", "__on__"]
							}
						}
					}
				}
			},
			"targets": {
				"label": "__l_actors__",
				"fields": {
					"item": {
						"fields": {
							"filterThen": {
								"type": "select",
								"removeDefaultNone": false,
								"noneLabel": "__l_choose__",
								"label":"__l_filter__",
								"optionLabels": ["__switchBinary__","__switchMultilevel__","__doorlock__","__l_scene__"]
							},
							"switchBinary": {
								"dependencies": {
									"filterThen": "switchBinary"
								},
								"fields":{
									"target" :{
										"type": "select",
										"removeDefaultNone": false,
										"noneLabel": "__l_choose_dev__",
										"label": "__l_target_device__",
										"datasource": "namespaces",
										"field": "optionLabels",
										"optionLabels": "namespaces:devices_switchBinary:deviceName"
									},
									"action": {
										"type": "select",
										"removeDefaultNone": false,
										"noneLabel": "__l_choose__",
										"label":"__l_action__",
										"optionLabels": ["__actionSetStatus__","__actionDelayUpdate__"]
									},
									"delay": {
										"dependencies": {
											"action": "delay"
										},
										"label": "__l_delay__"
									},
									"status": {
										"dependencies": {
											"action": "status"
										},
										"label": "__l_action__",
										"optionLabels": ["__off__", "__on__"]
									}
								}
							},
							"switchMultilevel": {
								"dependencies": {
									"filterThen": "switchMultilevel"
								},
								"fields":{
									"target" :{
										"type": "select",
										"removeDefaultNone": false,
										"noneLabel": "__l_choose_dev__",
										"label": "__l_target_device__",
										"datasource": "namespaces",
										"field": "optionLabels",
										"optionLabels": "namespaces:devices_switchMultilevel:deviceName"
									},
									"action": {
										"type": "select",
										"removeDefaultNone": false,
										"noneLabel": "__l_choose__",
										"label":"__l_action__",
										"optionLabels": ["__actionSetStatus__","__actionDelayUpdate__"]
									},
									"delay": {
										"dependencies": {
											"action": "delay"
										},
										"label": "__l_delay__"
									},
									"status": {
										"dependencies": {
											"action": "status"
										},
										"label": "__l_level__"
									}
								}
							},
							"doorlock": {
								"dependencies": {
									"filterThen": "doorlock"
								},
								"fields":{
									"target" :{
										"type": "select",
										"removeDefaultNone": false,
										"noneLabel": "__l_choose_dev__",
										"label": "__l_target_device__",
										"datasource": "namespaces",
										"field": "optionLabels",
										"optionLabels": "namespaces:devices_doorlock:deviceName"
									},
									"action": {
										"type": "select",
										"removeDefaultNone": false,
										"noneLabel": "__l_choose__",
										"label":"__l_action__",
										"optionLabels": ["__actionSetStatus__","__actionDelayUpdate__"]
									},
									"delay": {
										"dependencies": {
											"action": "delay"
										},
										"label": "__l_delay__"
									},
									"status": {
										"dependencies": {
											"action": "status"
										},
										"label": "__l_action__",
										"optionLabels": ["__close__", "__open__"]
									}
								}
							},
							"scene": {
								"dependencies": {
									"filterThen": "scene"
								},
								"fields":{
									"target" :{
										"type": "select",
										"removeDefaultNone": false,
										"noneLabel": "__l_choose_dev__",
										"label": "__l_scene__",
										"helper": "__h_statusOn__",
										"datasource": "namespaces",
										"field": "optionLabels",
										"optionLabels": "namespaces:devices_toggleButton:deviceName"
									},
									"delay": {
										"dependencies": {
											"action": "delay"
										},
										"label": "__l_delay__"
									}
								}
							}
						}
					}
				}
			}
		}
	}
}
